医院名称,医院等级,医院类型,床位数,地址,电话,省份,建立时间,员工数量,年门诊量,数据来源,更新时间
北京市第1中医医院,三级乙等,中医医院,1041,北京市西区,076-57660890,北京,1984-11-04,1578,82万人次,医院数据库,2025-06-12 22:43:38
北京市第2肿瘤医院,二级乙等,肿瘤医院,550,北京市西区,087-60422712,北京,1965-10-26,729,47万人次,医院数据库,2025-06-12 22:43:38
北京市第3眼科医院,一级甲等,眼科医院,132,北京市西区,016-50806824,北京,2013-07-01,2240,115万人次,医院数据库,2025-06-12 22:43:38
北京市第4肿瘤医院,一级甲等,肿瘤医院,127,北京市中心区,034-25596506,北京,1997-06-06,1460,196万人次,医院数据库,2025-06-12 22:43:38
北京市第5心血管医院,一级甲等,心血管医院,216,北京市中心区,093-44329860,北京,1981-05-11,2517,52万人次,医院数据库,2025-06-12 22:43:38
北京市第6口腔医院,二级甲等,口腔医院,774,北京市南区,033-64873497,北京,2008-03-22,2874,150万人次,医院数据库,2025-06-12 22:43:38
北京市第7口腔医院,二级甲等,口腔医院,296,北京市北区,035-39452840,北京,1971-11-20,2690,148万人次,医院数据库,2025-06-12 22:43:38
北京市第8专科医院,二级甲等,专科医院,547,北京市中心区,073-18794927,北京,2018-06-01,2153,195万人次,医院数据库,2025-06-12 22:43:38
北京市第9儿童医院,三级甲等,儿童医院,1546,北京市西区,073-43278735,北京,1998-05-09,1443,95万人次,医院数据库,2025-06-12 22:43:38
北京市第10专科医院,二级甲等,专科医院,795,北京市北区,084-59427702,北京,1957-09-25,179,145万人次,医院数据库,2025-06-12 22:43:38
北京市第11综合医院,三级乙等,综合医院,1059,北京市北区,019-31719846,北京,1975-07-18,2508,160万人次,医院数据库,2025-06-12 22:43:38
北京市第12心血管医院,一级甲等,心血管医院,65,北京市中心区,094-67741106,北京,1966-10-17,1002,167万人次,医院数据库,2025-06-12 22:43:38
北京市第13眼科医院,二级乙等,眼科医院,643,北京市南区,057-35334558,北京,2015-12-16,2459,165万人次,医院数据库,2025-06-12 22:43:38
北京市第14精神病医院,二级乙等,精神病医院,254,北京市南区,054-17401534,北京,1965-10-14,1049,56万人次,医院数据库,2025-06-12 22:43:38
北京市第15综合医院,二级乙等,综合医院,524,北京市中心区,048-55516908,北京,2001-02-09,195,112万人次,医院数据库,2025-06-12 22:43:38
北京市第16综合医院,三级乙等,综合医院,745,北京市中心区,012-62209862,北京,1994-07-01,1929,88万人次,医院数据库,2025-06-12 22:43:38
北京市第17心血管医院,三级甲等,心血管医院,942,北京市西区,036-80022603,北京,1955-09-04,1700,180万人次,医院数据库,2025-06-12 22:43:38
北京市第18精神病医院,三级乙等,精神病医院,527,北京市北区,086-50626577,北京,1989-06-04,2749,139万人次,医院数据库,2025-06-12 22:43:38
上海市第1综合医院,二级乙等,综合医院,494,上海市西区,072-45793946,上海,1979-03-04,1430,92万人次,医院数据库,2025-06-12 22:43:38
上海市第2中医医院,一级甲等,中医医院,228,上海市东区,026-64007665,上海,1953-07-19,2267,163万人次,医院数据库,2025-06-12 22:43:38
上海市第3综合医院,二级甲等,综合医院,322,上海市南区,093-26572121,上海,1969-09-28,1797,123万人次,医院数据库,2025-06-12 22:43:38
上海市第4心血管医院,三级乙等,心血管医院,700,上海市北区,096-52822569,上海,1956-10-10,866,79万人次,医院数据库,2025-06-12 22:43:38
上海市第5儿童医院,一级甲等,儿童医院,187,上海市西区,032-61933052,上海,2009-06-06,1942,24万人次,医院数据库,2025-06-12 22:43:38
上海市第6综合医院,三级甲等,综合医院,1983,上海市北区,039-72377070,上海,1992-03-09,2177,35万人次,医院数据库,2025-06-12 22:43:38
上海市第7专科医院,二级甲等,专科医院,706,上海市西区,048-91918583,上海,1976-07-01,2944,169万人次,医院数据库,2025-06-12 22:43:38
上海市第8妇产医院,二级甲等,妇产医院,324,上海市南区,034-13145296,上海,2007-09-21,1326,159万人次,医院数据库,2025-06-12 22:43:38
上海市第9专科医院,三级乙等,专科医院,1039,上海市西区,082-37034723,上海,2017-06-26,590,41万人次,医院数据库,2025-06-12 22:43:38
上海市第10心血管医院,二级甲等,心血管医院,509,上海市南区,047-64811376,上海,1973-04-02,861,146万人次,医院数据库,2025-06-12 22:43:38
上海市第11专科医院,三级甲等,专科医院,1602,上海市南区,027-81082414,上海,1958-09-08,1565,54万人次,医院数据库,2025-06-12 22:43:38
上海市第12中医医院,二级甲等,中医医院,585,上海市西区,020-19274959,上海,1994-09-09,2751,195万人次,医院数据库,2025-06-12 22:43:38
上海市第13眼科医院,一级甲等,眼科医院,276,上海市中心区,024-71532742,上海,2009-01-11,526,37万人次,医院数据库,2025-06-12 22:43:38
上海市第14专科医院,一级甲等,专科医院,208,上海市中心区,088-88796836,上海,1998-04-20,2321,115万人次,医院数据库,2025-06-12 22:43:38
上海市第15口腔医院,三级乙等,口腔医院,889,上海市南区,077-25441993,上海,2020-12-01,1274,67万人次,医院数据库,2025-06-12 22:43:38
上海市第16专科医院,二级乙等,专科医院,252,上海市西区,091-48672935,上海,1964-06-21,626,17万人次,医院数据库,2025-06-12 22:43:38
上海市第17精神病医院,一级甲等,精神病医院,173,上海市北区,021-71411155,上海,1982-01-19,296,98万人次,医院数据库,2025-06-12 22:43:38
上海市第18综合医院,三级甲等,综合医院,1297,上海市北区,091-60821041,上海,2008-11-25,130,60万人次,医院数据库,2025-06-12 22:43:38
上海市第19专科医院,二级乙等,专科医院,736,上海市西区,015-35731464,上海,1975-04-03,2841,118万人次,医院数据库,2025-06-12 22:43:38
上海市第20儿童医院,三级甲等,儿童医院,1042,上海市西区,053-85204000,上海,2002-07-01,2192,25万人次,医院数据库,2025-06-12 22:43:38
广东市第1心血管医院,三级甲等,心血管医院,945,广东市南区,017-63411999,广东,1966-04-14,2018,167万人次,医院数据库,2025-06-12 22:43:38
广东市第2专科医院,三级乙等,专科医院,879,广东市西区,074-89643725,广东,2008-02-06,2845,27万人次,医院数据库,2025-06-12 22:43:38
广东市第3肿瘤医院,三级乙等,肿瘤医院,571,广东市南区,028-89030706,广东,1991-11-10,1131,116万人次,医院数据库,2025-06-12 22:43:38
广东市第4儿童医院,三级甲等,儿童医院,1548,广东市中心区,010-62270308,广东,1999-09-20,605,95万人次,医院数据库,2025-06-12 22:43:38
广东市第5综合医院,三级甲等,综合医院,1885,广东市中心区,080-23499728,广东,1978-02-03,1596,105万人次,医院数据库,2025-06-12 22:43:38
广东市第6中医医院,三级甲等,中医医院,1298,广东市西区,081-62307605,广东,1962-07-19,598,68万人次,医院数据库,2025-06-12 22:43:38
广东市第7儿童医院,三级乙等,儿童医院,970,广东市南区,053-57196271,广东,1977-11-15,2687,155万人次,医院数据库,2025-06-12 22:43:38
广东市第8综合医院,一级甲等,综合医院,256,广东市中心区,065-11117747,广东,2014-06-21,927,152万人次,医院数据库,2025-06-12 22:43:38
广东市第9心血管医院,三级乙等,心血管医院,958,广东市西区,049-80437575,广东,2010-06-27,2433,196万人次,医院数据库,2025-06-12 22:43:38
广东市第10心血管医院,三级甲等,心血管医院,969,广东市西区,056-73999970,广东,1995-11-26,1361,31万人次,医院数据库,2025-06-12 22:43:38
广东市第11心血管医院,三级乙等,心血管医院,1145,广东市南区,013-13748366,广东,1967-05-18,1954,171万人次,医院数据库,2025-06-12 22:43:38
广东市第12眼科医院,二级甲等,眼科医院,288,广东市南区,056-22599885,广东,1993-02-18,2271,194万人次,医院数据库,2025-06-12 22:43:38
广东市第13儿童医院,一级甲等,儿童医院,300,广东市西区,036-35719347,广东,1956-09-05,843,116万人次,医院数据库,2025-06-12 22:43:38
广东市第14儿童医院,三级乙等,儿童医院,983,广东市东区,089-75631751,广东,1956-10-22,501,157万人次,医院数据库,2025-06-12 22:43:38
广东市第15妇产医院,二级乙等,妇产医院,727,广东市西区,073-80071295,广东,1979-04-25,2869,67万人次,医院数据库,2025-06-12 22:43:38
广东市第16专科医院,二级乙等,专科医院,694,广东市东区,028-21921444,广东,1988-01-27,213,57万人次,医院数据库,2025-06-12 22:43:38
广东市第17口腔医院,三级甲等,口腔医院,1957,广东市北区,092-60340431,广东,1969-08-26,1588,108万人次,医院数据库,2025-06-12 22:43:38
江苏市第1肿瘤医院,三级甲等,肿瘤医院,1382,江苏市东区,091-74036565,江苏,1968-04-08,237,63万人次,医院数据库,2025-06-12 22:43:38
江苏市第2妇产医院,一级甲等,妇产医院,139,江苏市西区,085-50302472,江苏,2012-11-25,2464,180万人次,医院数据库,2025-06-12 22:43:38
江苏市第3儿童医院,二级乙等,儿童医院,698,江苏市西区,058-86368567,江苏,2018-03-18,151,18万人次,医院数据库,2025-06-12 22:43:38
江苏市第4眼科医院,二级乙等,眼科医院,760,江苏市东区,057-26854621,江苏,1980-01-06,1998,193万人次,医院数据库,2025-06-12 22:43:38
江苏市第5妇产医院,二级甲等,妇产医院,720,江苏市中心区,034-92699833,江苏,1975-10-24,2542,185万人次,医院数据库,2025-06-12 22:43:38
江苏市第6心血管医院,二级乙等,心血管医院,511,江苏市中心区,019-76896087,江苏,2020-07-25,2070,147万人次,医院数据库,2025-06-12 22:43:38
江苏市第7心血管医院,二级乙等,心血管医院,229,江苏市西区,013-93172714,江苏,1979-09-01,1598,166万人次,医院数据库,2025-06-12 22:43:38
江苏市第8肿瘤医院,二级乙等,肿瘤医院,242,江苏市西区,020-57053745,江苏,1974-03-02,1359,175万人次,医院数据库,2025-06-12 22:43:38
江苏市第9眼科医院,二级乙等,眼科医院,656,江苏市中心区,022-40334905,江苏,1958-09-20,2912,132万人次,医院数据库,2025-06-12 22:43:38
江苏市第10心血管医院,二级乙等,心血管医院,354,江苏市南区,012-93446491,江苏,1976-08-01,1812,39万人次,医院数据库,2025-06-12 22:43:38
江苏市第11中医医院,一级甲等,中医医院,62,江苏市北区,076-80804093,江苏,1974-04-16,463,11万人次,医院数据库,2025-06-12 22:43:38
江苏市第12肿瘤医院,三级甲等,肿瘤医院,1486,江苏市东区,034-19039943,江苏,1977-07-11,2736,106万人次,医院数据库,2025-06-12 22:43:38
江苏市第13精神病医院,二级乙等,精神病医院,628,江苏市中心区,019-66611210,江苏,1967-01-10,2235,50万人次,医院数据库,2025-06-12 22:43:38
江苏市第14专科医院,二级甲等,专科医院,747,江苏市北区,070-33670312,江苏,1961-11-06,1339,154万人次,医院数据库,2025-06-12 22:43:38
浙江市第1妇产医院,二级甲等,妇产医院,277,浙江市北区,017-99801261,浙江,1965-05-26,1617,98万人次,医院数据库,2025-06-12 22:43:38
浙江市第2儿童医院,一级甲等,儿童医院,88,浙江市北区,057-72715760,浙江,2005-06-22,2583,71万人次,医院数据库,2025-06-12 22:43:38
浙江市第3妇产医院,三级乙等,妇产医院,1123,浙江市南区,083-21458049,浙江,1966-09-07,1324,147万人次,医院数据库,2025-06-12 22:43:38
浙江市第4妇产医院,一级甲等,妇产医院,122,浙江市东区,050-19749198,浙江,2014-03-05,2443,160万人次,医院数据库,2025-06-12 22:43:38
浙江市第5中医医院,二级乙等,中医医院,732,浙江市东区,087-89610237,浙江,1964-02-11,387,158万人次,医院数据库,2025-06-12 22:43:38
浙江市第6肿瘤医院,三级甲等,肿瘤医院,860,浙江市东区,088-20933055,浙江,1975-11-13,2346,114万人次,医院数据库,2025-06-12 22:43:38
浙江市第7眼科医院,一级甲等,眼科医院,79,浙江市东区,032-28705179,浙江,1999-08-03,103,20万人次,医院数据库,2025-06-12 22:43:38
浙江市第8儿童医院,二级乙等,儿童医院,507,浙江市中心区,098-37933161,浙江,1999-09-24,2705,92万人次,医院数据库,2025-06-12 22:43:38
浙江市第9口腔医院,三级甲等,口腔医院,1449,浙江市北区,079-95182649,浙江,1964-02-04,924,172万人次,医院数据库,2025-06-12 22:43:38
浙江市第10妇产医院,二级乙等,妇产医院,360,浙江市北区,061-40036949,浙江,1963-08-12,2202,32万人次,医院数据库,2025-06-12 22:43:38
浙江市第11眼科医院,三级乙等,眼科医院,630,浙江市西区,090-12241017,浙江,1969-12-03,2385,78万人次,医院数据库,2025-06-12 22:43:38
浙江市第12眼科医院,一级甲等,眼科医院,215,浙江市西区,041-74345296,浙江,1960-06-07,279,83万人次,医院数据库,2025-06-12 22:43:38
浙江市第13妇产医院,二级乙等,妇产医院,616,浙江市南区,072-10556866,浙江,1957-11-26,1319,92万人次,医院数据库,2025-06-12 22:43:38
浙江市第14专科医院,二级乙等,专科医院,320,浙江市南区,082-38648140,浙江,1998-09-01,2353,138万人次,医院数据库,2025-06-12 22:43:38
浙江市第15口腔医院,一级甲等,口腔医院,175,浙江市西区,013-53499191,浙江,2016-07-25,599,55万人次,医院数据库,2025-06-12 22:43:38
浙江市第16专科医院,三级甲等,专科医院,1712,浙江市南区,086-43144375,浙江,1990-11-22,1508,123万人次,医院数据库,2025-06-12 22:43:38
山东市第1口腔医院,三级甲等,口腔医院,968,山东市北区,064-17191748,山东,1997-05-15,2610,130万人次,医院数据库,2025-06-12 22:43:38
山东市第2综合医院,三级乙等,综合医院,764,山东市北区,014-44976323,山东,1964-10-07,2190,23万人次,医院数据库,2025-06-12 22:43:38
山东市第3口腔医院,二级甲等,口腔医院,262,山东市西区,082-30557460,山东,1970-04-04,215,36万人次,医院数据库,2025-06-12 22:43:38
山东市第4心血管医院,一级甲等,心血管医院,252,山东市东区,066-63316181,山东,1953-02-11,2759,71万人次,医院数据库,2025-06-12 22:43:38
山东市第5精神病医院,一级甲等,精神病医院,63,山东市南区,028-59787747,山东,2011-12-19,2112,144万人次,医院数据库,2025-06-12 22:43:38
山东市第6儿童医院,二级甲等,儿童医院,464,山东市东区,013-18300178,山东,1997-06-15,175,188万人次,医院数据库,2025-06-12 22:43:38
山东市第7儿童医院,二级乙等,儿童医院,247,山东市南区,056-34683404,山东,1984-09-15,2459,76万人次,医院数据库,2025-06-12 22:43:38
山东市第8专科医院,二级乙等,专科医院,569,山东市中心区,077-75379863,山东,1975-09-14,1354,11万人次,医院数据库,2025-06-12 22:43:38
山东市第9综合医院,三级甲等,综合医院,914,山东市北区,041-26636241,山东,1963-03-15,1628,167万人次,医院数据库,2025-06-12 22:43:38
山东市第10口腔医院,三级乙等,口腔医院,920,山东市东区,088-52230430,山东,1972-08-24,1629,18万人次,医院数据库,2025-06-12 22:43:38
山东市第11口腔医院,二级甲等,口腔医院,403,山东市南区,012-56261719,山东,1960-11-28,900,132万人次,医院数据库,2025-06-12 22:43:38
山东市第12肿瘤医院,一级甲等,肿瘤医院,221,山东市东区,086-88609152,山东,2016-08-25,1547,188万人次,医院数据库,2025-06-12 22:43:38
山东市第13综合医院,二级乙等,综合医院,530,山东市南区,058-11455330,山东,2000-09-22,1874,194万人次,医院数据库,2025-06-12 22:43:38
山东市第14综合医院,二级乙等,综合医院,646,山东市中心区,043-34697393,山东,2007-02-01,1129,159万人次,医院数据库,2025-06-12 22:43:38
山东市第15肿瘤医院,二级乙等,肿瘤医院,611,山东市北区,086-93787352,山东,1964-12-01,1201,143万人次,医院数据库,2025-06-12 22:43:38
山东市第16肿瘤医院,三级乙等,肿瘤医院,959,山东市东区,057-83993466,山东,2008-09-07,1082,164万人次,医院数据库,2025-06-12 22:43:38
山东市第17眼科医院,三级甲等,眼科医院,1176,山东市南区,030-43263618,山东,2011-10-09,451,45万人次,医院数据库,2025-06-12 22:43:38
山东市第18综合医院,三级甲等,综合医院,1894,山东市东区,065-44043499,山东,2005-05-28,2357,133万人次,医院数据库,2025-06-12 22:43:38
河南市第1眼科医院,一级甲等,眼科医院,177,河南市西区,036-29491047,河南,2012-03-28,312,81万人次,医院数据库,2025-06-12 22:43:38
河南市第2眼科医院,三级甲等,眼科医院,1268,河南市南区,037-86599999,河南,2013-12-19,2318,185万人次,医院数据库,2025-06-12 22:43:38
河南市第3口腔医院,三级乙等,口腔医院,629,河南市北区,083-36556078,河南,1992-07-26,1473,105万人次,医院数据库,2025-06-12 22:43:38
河南市第4精神病医院,一级甲等,精神病医院,237,河南市南区,013-42695667,河南,1997-09-17,698,182万人次,医院数据库,2025-06-12 22:43:38
河南市第5心血管医院,一级甲等,心血管医院,168,河南市南区,017-30121752,河南,1980-11-12,662,67万人次,医院数据库,2025-06-12 22:43:38
河南市第6妇产医院,二级乙等,妇产医院,348,河南市北区,077-74890771,河南,1981-01-17,1518,118万人次,医院数据库,2025-06-12 22:43:38
河南市第7眼科医院,二级乙等,眼科医院,462,河南市中心区,089-62370733,河南,1990-05-25,1665,22万人次,医院数据库,2025-06-12 22:43:38
河南市第8专科医院,三级乙等,专科医院,787,河南市东区,024-13206742,河南,1956-04-18,1572,11万人次,医院数据库,2025-06-12 22:43:38
河南市第9肿瘤医院,二级甲等,肿瘤医院,622,河南市东区,073-64690153,河南,2015-03-14,2648,113万人次,医院数据库,2025-06-12 22:43:38
河南市第10专科医院,三级甲等,专科医院,1125,河南市北区,028-24493725,河南,1954-05-10,1551,134万人次,医院数据库,2025-06-12 22:43:38
河南市第11精神病医院,二级甲等,精神病医院,572,河南市东区,083-80652172,河南,1969-03-17,2750,177万人次,医院数据库,2025-06-12 22:43:38
河南市第12眼科医院,一级甲等,眼科医院,198,河南市南区,069-54121931,河南,1970-05-25,541,190万人次,医院数据库,2025-06-12 22:43:38
四川市第1肿瘤医院,二级甲等,肿瘤医院,227,四川市南区,083-23618709,四川,1953-03-17,1322,184万人次,医院数据库,2025-06-12 22:43:38
四川市第2专科医院,三级甲等,专科医院,920,四川市中心区,077-45485358,四川,1981-03-25,1476,137万人次,医院数据库,2025-06-12 22:43:38
四川市第3眼科医院,一级甲等,眼科医院,104,四川市东区,028-74422381,四川,1973-11-06,2210,47万人次,医院数据库,2025-06-12 22:43:38
四川市第4口腔医院,一级甲等,口腔医院,145,四川市西区,063-15271989,四川,1950-08-20,286,69万人次,医院数据库,2025-06-12 22:43:38
四川市第5专科医院,二级甲等,专科医院,223,四川市南区,022-30075347,四川,1993-12-27,1387,77万人次,医院数据库,2025-06-12 22:43:38
四川市第6中医医院,三级乙等,中医医院,522,四川市西区,056-32413580,四川,1972-11-20,1124,21万人次,医院数据库,2025-06-12 22:43:38
四川市第7肿瘤医院,三级乙等,肿瘤医院,994,四川市南区,060-72441093,四川,1962-05-09,649,74万人次,医院数据库,2025-06-12 22:43:38
四川市第8中医医院,二级乙等,中医医院,224,四川市北区,090-19141160,四川,1990-07-07,206,20万人次,医院数据库,2025-06-12 22:43:38
四川市第9肿瘤医院,一级甲等,肿瘤医院,226,四川市东区,073-15333530,四川,1974-06-01,2263,24万人次,医院数据库,2025-06-12 22:43:38
四川市第10儿童医院,二级乙等,儿童医院,280,四川市南区,043-32147161,四川,2004-11-27,268,108万人次,医院数据库,2025-06-12 22:43:38
四川市第11中医医院,一级甲等,中医医院,87,四川市北区,061-68274742,四川,1987-11-18,1973,25万人次,医院数据库,2025-06-12 22:43:38
四川市第12口腔医院,一级甲等,口腔医院,203,四川市北区,051-99557618,四川,1991-12-06,932,80万人次,医院数据库,2025-06-12 22:43:38
四川市第13心血管医院,三级乙等,心血管医院,817,四川市西区,084-38880659,四川,2009-03-20,1085,191万人次,医院数据库,2025-06-12 22:43:38
四川市第14妇产医院,一级甲等,妇产医院,202,四川市南区,049-37404924,四川,2020-10-03,709,89万人次,医院数据库,2025-06-12 22:43:38
四川市第15妇产医院,二级乙等,妇产医院,703,四川市东区,070-93371627,四川,2002-02-05,1124,49万人次,医院数据库,2025-06-12 22:43:38
四川市第16中医医院,一级甲等,中医医院,249,四川市北区,021-68975572,四川,2016-04-13,1322,56万人次,医院数据库,2025-06-12 22:43:38
四川市第17儿童医院,三级甲等,儿童医院,816,四川市东区,043-38394807,四川,1976-03-15,2161,84万人次,医院数据库,2025-06-12 22:43:38
四川市第18综合医院,三级乙等,综合医院,1004,四川市东区,059-17843582,四川,1980-03-19,2301,70万人次,医院数据库,2025-06-12 22:43:38
湖北市第1妇产医院,三级乙等,妇产医院,840,湖北市中心区,028-10536973,湖北,1983-03-05,2919,158万人次,医院数据库,2025-06-12 22:43:38
湖北市第2儿童医院,二级甲等,儿童医院,316,湖北市西区,089-23936234,湖北,1953-08-14,2665,96万人次,医院数据库,2025-06-12 22:43:38
湖北市第3中医医院,三级甲等,中医医院,1342,湖北市东区,051-69480314,湖北,2009-05-07,2449,171万人次,医院数据库,2025-06-12 22:43:38
湖北市第4眼科医院,三级甲等,眼科医院,1175,湖北市东区,068-36428606,湖北,1999-12-23,1236,28万人次,医院数据库,2025-06-12 22:43:38
湖北市第5中医医院,二级甲等,中医医院,376,湖北市西区,035-40609358,湖北,2015-12-06,2946,13万人次,医院数据库,2025-06-12 22:43:38
湖北市第6妇产医院,二级乙等,妇产医院,785,湖北市北区,062-43403718,湖北,1987-02-12,588,182万人次,医院数据库,2025-06-12 22:43:38
湖北市第7儿童医院,二级乙等,儿童医院,600,湖北市南区,067-54408626,湖北,1993-05-14,2486,18万人次,医院数据库,2025-06-12 22:43:38
湖北市第8综合医院,三级甲等,综合医院,1185,湖北市东区,013-96180278,湖北,2003-09-05,574,33万人次,医院数据库,2025-06-12 22:43:38
湖北市第9中医医院,三级甲等,中医医院,1959,湖北市中心区,087-77957674,湖北,1993-12-08,2639,113万人次,医院数据库,2025-06-12 22:43:38
湖北市第10精神病医院,三级甲等,精神病医院,1110,湖北市北区,070-67579367,湖北,2013-05-07,2103,68万人次,医院数据库,2025-06-12 22:43:38
湖北市第11妇产医院,二级甲等,妇产医院,282,湖北市东区,027-73370951,湖北,1996-12-02,1561,172万人次,医院数据库,2025-06-12 22:43:38
湖北市第12精神病医院,二级甲等,精神病医院,780,湖北市中心区,036-47615183,湖北,1974-09-19,2921,59万人次,医院数据库,2025-06-12 22:43:38
湖北市第13眼科医院,一级甲等,眼科医院,293,湖北市北区,028-83503371,湖北,2004-09-01,1743,180万人次,医院数据库,2025-06-12 22:43:38
湖南市第1专科医院,三级乙等,专科医院,811,湖南市东区,045-89314918,湖南,1951-06-03,2325,61万人次,医院数据库,2025-06-12 22:43:38
湖南市第2心血管医院,一级甲等,心血管医院,284,湖南市北区,052-64668346,湖南,1968-04-03,2794,133万人次,医院数据库,2025-06-12 22:43:38
湖南市第3精神病医院,二级甲等,精神病医院,800,湖南市中心区,016-80880733,湖南,1952-04-02,1999,101万人次,医院数据库,2025-06-12 22:43:38
湖南市第4妇产医院,三级甲等,妇产医院,1350,湖南市南区,022-43751672,湖南,1992-05-05,1156,71万人次,医院数据库,2025-06-12 22:43:38
湖南市第5妇产医院,三级乙等,妇产医院,646,湖南市北区,079-13305229,湖南,1995-03-18,1982,176万人次,医院数据库,2025-06-12 22:43:38
湖南市第6眼科医院,三级乙等,眼科医院,851,湖南市西区,072-46194630,湖南,2011-11-23,1676,100万人次,医院数据库,2025-06-12 22:43:38
湖南市第7心血管医院,三级乙等,心血管医院,590,湖南市南区,057-11232585,湖南,1987-02-03,535,32万人次,医院数据库,2025-06-12 22:43:38
湖南市第8专科医院,二级乙等,专科医院,510,湖南市北区,055-25721532,湖南,1957-02-18,2357,123万人次,医院数据库,2025-06-12 22:43:38
湖南市第9眼科医院,二级乙等,眼科医院,399,湖南市中心区,047-85509182,湖南,1986-12-11,1427,161万人次,医院数据库,2025-06-12 22:43:38
湖南市第10口腔医院,二级乙等,口腔医院,225,湖南市中心区,073-22929733,湖南,1986-10-09,1934,174万人次,医院数据库,2025-06-12 22:43:38
湖南市第11眼科医院,一级甲等,眼科医院,57,湖南市北区,049-24495912,湖南,1977-03-12,2525,27万人次,医院数据库,2025-06-12 22:43:38
湖南市第12妇产医院,二级乙等,妇产医院,429,湖南市东区,077-28362620,湖南,1998-09-02,277,111万人次,医院数据库,2025-06-12 22:43:38
湖南市第13专科医院,一级甲等,专科医院,82,湖南市北区,067-17663488,湖南,2014-02-22,723,44万人次,医院数据库,2025-06-12 22:43:38
湖南市第14眼科医院,三级乙等,眼科医院,976,湖南市中心区,024-92279018,湖南,1990-07-14,2710,115万人次,医院数据库,2025-06-12 22:43:38
安徽市第1专科医院,三级乙等,专科医院,883,安徽市北区,049-63215574,安徽,1968-05-03,1971,47万人次,医院数据库,2025-06-12 22:43:38
安徽市第2肿瘤医院,三级甲等,肿瘤医院,1130,安徽市东区,048-86016749,安徽,2009-04-18,2682,68万人次,医院数据库,2025-06-12 22:43:38
安徽市第3综合医院,二级乙等,综合医院,310,安徽市南区,024-71420499,安徽,1980-11-02,435,125万人次,医院数据库,2025-06-12 22:43:38
安徽市第4眼科医院,三级甲等,眼科医院,1489,安徽市南区,016-90502749,安徽,1984-03-01,1488,46万人次,医院数据库,2025-06-12 22:43:38
安徽市第5综合医院,二级甲等,综合医院,442,安徽市南区,038-73347139,安徽,2017-10-08,910,153万人次,医院数据库,2025-06-12 22:43:38
安徽市第6眼科医院,三级乙等,眼科医院,542,安徽市中心区,068-59945633,安徽,2001-12-02,2818,80万人次,医院数据库,2025-06-12 22:43:38
安徽市第7心血管医院,一级甲等,心血管医院,220,安徽市西区,089-47148302,安徽,2011-12-02,1836,137万人次,医院数据库,2025-06-12 22:43:38
安徽市第8专科医院,一级甲等,专科医院,298,安徽市中心区,097-83111693,安徽,2005-10-05,213,77万人次,医院数据库,2025-06-12 22:43:38
安徽市第9口腔医院,三级甲等,口腔医院,1674,安徽市中心区,072-59341810,安徽,1988-01-14,473,143万人次,医院数据库,2025-06-12 22:43:38
安徽市第10口腔医院,二级甲等,口腔医院,458,安徽市北区,021-36569904,安徽,1981-07-02,949,108万人次,医院数据库,2025-06-12 22:43:38
安徽市第11肿瘤医院,三级甲等,肿瘤医院,858,安徽市东区,048-57342734,安徽,1997-06-16,2991,99万人次,医院数据库,2025-06-12 22:43:38
安徽市第12肿瘤医院,三级乙等,肿瘤医院,1142,安徽市东区,071-60336114,安徽,1957-01-05,699,165万人次,医院数据库,2025-06-12 22:43:38
安徽市第13妇产医院,三级乙等,妇产医院,810,安徽市西区,047-75909338,安徽,2019-04-19,1808,89万人次,医院数据库,2025-06-12 22:43:38
安徽市第14精神病医院,三级甲等,精神病医院,1829,安徽市北区,010-63295422,安徽,1989-11-11,2094,168万人次,医院数据库,2025-06-12 22:43:38
安徽市第15儿童医院,三级甲等,儿童医院,1612,安徽市南区,053-16994133,安徽,2005-10-20,1430,47万人次,医院数据库,2025-06-12 22:43:38
安徽市第16精神病医院,二级乙等,精神病医院,468,安徽市北区,069-16658003,安徽,1974-11-05,347,18万人次,医院数据库,2025-06-12 22:43:38
河北市第1心血管医院,三级乙等,心血管医院,950,河北市北区,071-81173691,河北,1982-02-17,1599,92万人次,医院数据库,2025-06-12 22:43:38
河北市第2心血管医院,二级乙等,心血管医院,688,河北市南区,026-13778809,河北,1973-07-21,2212,50万人次,医院数据库,2025-06-12 22:43:38
河北市第3口腔医院,一级甲等,口腔医院,90,河北市南区,038-24231495,河北,1995-03-21,1496,64万人次,医院数据库,2025-06-12 22:43:38
河北市第4综合医院,三级甲等,综合医院,854,河北市中心区,080-45799661,河北,1993-06-16,1231,71万人次,医院数据库,2025-06-12 22:43:38
河北市第5中医医院,一级甲等,中医医院,161,河北市中心区,014-40060912,河北,1981-04-23,1024,92万人次,医院数据库,2025-06-12 22:43:38
河北市第6心血管医院,二级甲等,心血管医院,290,河北市东区,076-72429929,河北,2015-08-26,1976,123万人次,医院数据库,2025-06-12 22:43:38
河北市第7妇产医院,三级甲等,妇产医院,1471,河北市东区,069-18443114,河北,1991-06-20,1747,87万人次,医院数据库,2025-06-12 22:43:38
河北市第8妇产医院,二级甲等,妇产医院,479,河北市东区,062-76984245,河北,2007-01-12,707,65万人次,医院数据库,2025-06-12 22:43:38
河北市第9精神病医院,二级甲等,精神病医院,286,河北市东区,062-20572747,河北,1961-04-05,1615,200万人次,医院数据库,2025-06-12 22:43:38
河北市第10肿瘤医院,三级乙等,肿瘤医院,639,河北市中心区,038-53941359,河北,2005-12-17,340,102万人次,医院数据库,2025-06-12 22:43:38
陕西市第1儿童医院,一级甲等,儿童医院,56,陕西市西区,076-95651017,陕西,1997-11-02,775,59万人次,医院数据库,2025-06-12 22:43:38
陕西市第2综合医院,三级甲等,综合医院,881,陕西市东区,099-92139268,陕西,1959-04-05,2488,65万人次,医院数据库,2025-06-12 22:43:38
陕西市第3妇产医院,三级甲等,妇产医院,1903,陕西市北区,015-96362029,陕西,2011-06-09,1901,82万人次,医院数据库,2025-06-12 22:43:38
陕西市第4专科医院,三级乙等,专科医院,976,陕西市东区,091-83009956,陕西,1989-06-13,1414,130万人次,医院数据库,2025-06-12 22:43:38
陕西市第5口腔医院,二级甲等,口腔医院,339,陕西市中心区,061-21597181,陕西,2011-03-27,1392,156万人次,医院数据库,2025-06-12 22:43:38
陕西市第6综合医院,二级甲等,综合医院,295,陕西市西区,015-12163910,陕西,2009-12-04,2452,73万人次,医院数据库,2025-06-12 22:43:38
陕西市第7眼科医院,三级乙等,眼科医院,506,陕西市西区,071-64024131,陕西,2002-05-21,1588,172万人次,医院数据库,2025-06-12 22:43:38
陕西市第8儿童医院,二级乙等,儿童医院,429,陕西市南区,018-12073981,陕西,1958-04-20,2049,171万人次,医院数据库,2025-06-12 22:43:38
陕西市第9儿童医院,二级甲等,儿童医院,676,陕西市西区,043-54702205,陕西,2011-03-22,2538,19万人次,医院数据库,2025-06-12 22:43:38
陕西市第10妇产医院,二级甲等,妇产医院,244,陕西市东区,061-40733935,陕西,2014-10-26,1893,145万人次,医院数据库,2025-06-12 22:43:38
陕西市第11口腔医院,二级甲等,口腔医院,278,陕西市中心区,090-18178903,陕西,1967-05-08,1570,112万人次,医院数据库,2025-06-12 22:43:38
陕西市第12专科医院,三级甲等,专科医院,1380,陕西市北区,077-21775409,陕西,1970-04-17,145,77万人次,医院数据库,2025-06-12 22:43:38
陕西市第13口腔医院,一级甲等,口腔医院,146,陕西市东区,065-17877292,陕西,1964-06-14,1759,63万人次,医院数据库,2025-06-12 22:43:38
陕西市第14口腔医院,一级甲等,口腔医院,144,陕西市北区,058-79040344,陕西,1980-05-24,2735,146万人次,医院数据库,2025-06-12 22:43:38
福建市第1综合医院,三级乙等,综合医院,1130,福建市西区,021-84394422,福建,1978-07-12,2096,149万人次,医院数据库,2025-06-12 22:43:38
福建市第2儿童医院,三级甲等,儿童医院,1700,福建市东区,038-97776580,福建,1990-11-17,2326,101万人次,医院数据库,2025-06-12 22:43:38
福建市第3眼科医院,三级乙等,眼科医院,794,福建市中心区,073-85928629,福建,1966-08-09,793,78万人次,医院数据库,2025-06-12 22:43:38
福建市第4儿童医院,一级甲等,儿童医院,59,福建市中心区,074-65227292,福建,1964-12-27,284,176万人次,医院数据库,2025-06-12 22:43:38
福建市第5专科医院,三级甲等,专科医院,1027,福建市南区,079-50810942,福建,2011-05-11,2838,80万人次,医院数据库,2025-06-12 22:43:38
福建市第6眼科医院,二级甲等,眼科医院,615,福建市东区,077-16757641,福建,1997-07-23,1857,128万人次,医院数据库,2025-06-12 22:43:38
福建市第7专科医院,二级乙等,专科医院,340,福建市北区,080-24927424,福建,1995-03-04,264,161万人次,医院数据库,2025-06-12 22:43:38
福建市第8中医医院,二级乙等,中医医院,613,福建市南区,024-64323032,福建,1967-08-28,848,88万人次,医院数据库,2025-06-12 22:43:38
福建市第9中医医院,二级甲等,中医医院,616,福建市中心区,098-63549110,福建,2004-02-09,922,75万人次,医院数据库,2025-06-12 22:43:38
福建市第10口腔医院,一级甲等,口腔医院,73,福建市南区,015-47810325,福建,2008-02-05,794,187万人次,医院数据库,2025-06-12 22:43:38
福建市第11口腔医院,一级甲等,口腔医院,285,福建市中心区,048-39426179,福建,2019-03-14,1656,38万人次,医院数据库,2025-06-12 22:43:38
福建市第12眼科医院,三级甲等,眼科医院,1477,福建市西区,086-75200694,福建,1958-01-24,1613,27万人次,医院数据库,2025-06-12 22:43:38
福建市第13中医医院,二级甲等,中医医院,405,福建市北区,012-47026397,福建,2005-06-04,2937,92万人次,医院数据库,2025-06-12 22:43:38
福建市第14专科医院,三级甲等,专科医院,898,福建市西区,011-12214231,福建,2004-11-22,1493,197万人次,医院数据库,2025-06-12 22:43:38
福建市第15心血管医院,三级甲等,心血管医院,1885,福建市西区,012-15486461,福建,1990-12-13,266,172万人次,医院数据库,2025-06-12 22:43:38
福建市第16综合医院,三级甲等,综合医院,1627,福建市南区,056-98461820,福建,1991-11-27,1046,65万人次,医院数据库,2025-06-12 22:43:38
重庆市第1妇产医院,三级甲等,妇产医院,1682,重庆市北区,078-48199919,重庆,1982-03-12,1428,199万人次,医院数据库,2025-06-12 22:43:38
重庆市第2综合医院,三级甲等,综合医院,983,重庆市北区,022-68178659,重庆,1955-07-25,2793,107万人次,医院数据库,2025-06-12 22:43:38
重庆市第3专科医院,三级乙等,专科医院,1079,重庆市中心区,051-69023921,重庆,1967-06-07,1210,160万人次,医院数据库,2025-06-12 22:43:38
重庆市第4心血管医院,二级甲等,心血管医院,287,重庆市西区,020-62457355,重庆,1953-09-10,2975,85万人次,医院数据库,2025-06-12 22:43:38
重庆市第5精神病医院,三级乙等,精神病医院,1154,重庆市东区,051-77447349,重庆,1954-02-23,1088,133万人次,医院数据库,2025-06-12 22:43:38
重庆市第6肿瘤医院,一级甲等,肿瘤医院,294,重庆市东区,075-65817825,重庆,1971-12-15,1762,130万人次,医院数据库,2025-06-12 22:43:38
重庆市第7妇产医院,二级甲等,妇产医院,596,重庆市中心区,033-55979694,重庆,2008-01-26,534,176万人次,医院数据库,2025-06-12 22:43:38
重庆市第8心血管医院,二级乙等,心血管医院,303,重庆市南区,012-29743750,重庆,2011-04-26,2034,152万人次,医院数据库,2025-06-12 22:43:38
重庆市第9心血管医院,二级乙等,心血管医院,732,重庆市中心区,080-45553543,重庆,1993-11-25,1920,36万人次,医院数据库,2025-06-12 22:43:38
重庆市第10眼科医院,二级乙等,眼科医院,270,重庆市北区,043-72877505,重庆,2015-01-22,1667,91万人次,医院数据库,2025-06-12 22:43:38
重庆市第11综合医院,三级甲等,综合医院,887,重庆市南区,013-19696888,重庆,2008-05-20,1493,128万人次,医院数据库,2025-06-12 22:43:38
重庆市第12专科医院,二级乙等,专科医院,566,重庆市北区,076-31127212,重庆,1968-12-07,2091,197万人次,医院数据库,2025-06-12 22:43:38
重庆市第13精神病医院,二级乙等,精神病医院,379,重庆市西区,046-97233698,重庆,1981-08-08,2642,99万人次,医院数据库,2025-06-12 22:43:38
重庆市第14妇产医院,二级乙等,妇产医院,492,重庆市西区,094-98889348,重庆,2012-07-28,550,168万人次,医院数据库,2025-06-12 22:43:38
重庆市第15专科医院,三级乙等,专科医院,527,重庆市中心区,010-94315061,重庆,1959-03-02,1924,132万人次,医院数据库,2025-06-12 22:43:38
重庆市第16眼科医院,二级乙等,眼科医院,459,重庆市南区,093-91049860,重庆,1985-02-21,1594,51万人次,医院数据库,2025-06-12 22:43:38
重庆市第17妇产医院,二级乙等,妇产医院,443,重庆市中心区,092-83628170,重庆,2004-03-17,1530,15万人次,医院数据库,2025-06-12 22:43:38
重庆市第18眼科医院,三级乙等,眼科医院,966,重庆市东区,060-21196695,重庆,2010-03-03,2866,76万人次,医院数据库,2025-06-12 22:43:38
重庆市第19妇产医院,一级甲等,妇产医院,184,重庆市西区,069-25030132,重庆,2017-03-06,1674,185万人次,医院数据库,2025-06-12 22:43:38
辽宁市第1眼科医院,三级乙等,眼科医院,925,辽宁市东区,031-43811008,辽宁,2010-10-02,2672,113万人次,医院数据库,2025-06-12 22:43:38
辽宁市第2眼科医院,三级乙等,眼科医院,582,辽宁市南区,098-87603988,辽宁,1989-01-25,1635,31万人次,医院数据库,2025-06-12 22:43:38
辽宁市第3眼科医院,三级甲等,眼科医院,1542,辽宁市中心区,047-91966312,辽宁,1963-11-02,888,153万人次,医院数据库,2025-06-12 22:43:38
辽宁市第4中医医院,三级乙等,中医医院,989,辽宁市中心区,023-64865645,辽宁,1961-09-15,2104,172万人次,医院数据库,2025-06-12 22:43:38
辽宁市第5儿童医院,二级乙等,儿童医院,688,辽宁市西区,018-58896220,辽宁,2019-10-14,2560,200万人次,医院数据库,2025-06-12 22:43:38
辽宁市第6儿童医院,三级乙等,儿童医院,1189,辽宁市东区,086-64322804,辽宁,1953-02-11,936,129万人次,医院数据库,2025-06-12 22:43:38
辽宁市第7综合医院,二级乙等,综合医院,323,辽宁市南区,051-59873572,辽宁,1976-03-07,1530,147万人次,医院数据库,2025-06-12 22:43:38
辽宁市第8精神病医院,二级甲等,精神病医院,483,辽宁市北区,044-36960584,辽宁,1991-03-19,2805,192万人次,医院数据库,2025-06-12 22:43:38
辽宁市第9肿瘤医院,二级乙等,肿瘤医院,591,辽宁市中心区,012-36309519,辽宁,2016-08-07,140,153万人次,医院数据库,2025-06-12 22:43:38
辽宁市第10肿瘤医院,三级甲等,肿瘤医院,1483,辽宁市中心区,029-80417144,辽宁,2013-02-14,970,130万人次,医院数据库,2025-06-12 22:43:38
辽宁市第11精神病医院,三级甲等,精神病医院,1073,辽宁市北区,078-67315326,辽宁,1960-11-07,766,25万人次,医院数据库,2025-06-12 22:43:38
辽宁市第12中医医院,三级甲等,中医医院,1910,辽宁市东区,022-69933731,辽宁,1989-02-13,283,81万人次,医院数据库,2025-06-12 22:43:38
吉林市第1中医医院,二级乙等,中医医院,478,吉林市中心区,049-75517779,吉林,1987-05-26,1230,112万人次,医院数据库,2025-06-12 22:43:38
吉林市第2眼科医院,二级甲等,眼科医院,422,吉林市东区,040-41852604,吉林,2015-05-25,117,46万人次,医院数据库,2025-06-12 22:43:38
吉林市第3中医医院,三级甲等,中医医院,1838,吉林市北区,026-90462746,吉林,1958-10-08,2192,153万人次,医院数据库,2025-06-12 22:43:38
吉林市第4综合医院,二级乙等,综合医院,417,吉林市东区,012-59740436,吉林,1995-12-23,2697,105万人次,医院数据库,2025-06-12 22:43:38
吉林市第5妇产医院,一级甲等,妇产医院,268,吉林市北区,079-74867437,吉林,2010-05-10,2049,64万人次,医院数据库,2025-06-12 22:43:38
吉林市第6儿童医院,二级甲等,儿童医院,235,吉林市中心区,090-95409970,吉林,1999-11-25,2453,76万人次,医院数据库,2025-06-12 22:43:38
吉林市第7专科医院,二级乙等,专科医院,531,吉林市北区,087-32557008,吉林,2008-08-05,1993,75万人次,医院数据库,2025-06-12 22:43:38
吉林市第8专科医院,三级乙等,专科医院,632,吉林市北区,077-79849076,吉林,2003-01-20,2968,166万人次,医院数据库,2025-06-12 22:43:38
吉林市第9儿童医院,二级乙等,儿童医院,543,吉林市中心区,026-37369879,吉林,2001-06-28,440,150万人次,医院数据库,2025-06-12 22:43:38
吉林市第10妇产医院,一级甲等,妇产医院,151,吉林市北区,071-17660119,吉林,1999-07-09,2326,26万人次,医院数据库,2025-06-12 22:43:38
吉林市第11妇产医院,一级甲等,妇产医院,143,吉林市东区,056-40925286,吉林,2001-09-17,301,131万人次,医院数据库,2025-06-12 22:43:38
吉林市第12肿瘤医院,二级甲等,肿瘤医院,618,吉林市西区,040-79076612,吉林,2007-07-07,151,176万人次,医院数据库,2025-06-12 22:43:38
吉林市第13精神病医院,二级甲等,精神病医院,724,吉林市南区,046-30798945,吉林,2013-03-17,886,193万人次,医院数据库,2025-06-12 22:43:38
吉林市第14儿童医院,一级甲等,儿童医院,70,吉林市东区,034-72005571,吉林,2003-09-16,2662,190万人次,医院数据库,2025-06-12 22:43:38
吉林市第15专科医院,二级甲等,专科医院,480,吉林市东区,084-52374288,吉林,1982-01-10,223,98万人次,医院数据库,2025-06-12 22:43:38
吉林市第16肿瘤医院,三级乙等,肿瘤医院,533,吉林市北区,035-41540769,吉林,1982-12-18,198,27万人次,医院数据库,2025-06-12 22:43:38
吉林市第17妇产医院,二级甲等,妇产医院,615,吉林市中心区,084-28260210,吉林,1965-02-22,1903,111万人次,医院数据库,2025-06-12 22:43:38
吉林市第18中医医院,一级甲等,中医医院,297,吉林市东区,093-23713409,吉林,1978-11-16,1659,161万人次,医院数据库,2025-06-12 22:43:38
吉林市第19综合医院,二级乙等,综合医院,391,吉林市南区,094-12635280,吉林,1962-10-13,2025,46万人次,医院数据库,2025-06-12 22:43:38
黑龙江市第1心血管医院,二级甲等,心血管医院,612,黑龙江市中心区,091-81900305,黑龙江,1963-11-17,1487,143万人次,医院数据库,2025-06-12 22:43:38
黑龙江市第2中医医院,二级甲等,中医医院,631,黑龙江市西区,041-33411761,黑龙江,1980-02-27,1197,57万人次,医院数据库,2025-06-12 22:43:38
黑龙江市第3儿童医院,二级甲等,儿童医院,799,黑龙江市中心区,098-24011338,黑龙江,1982-11-14,491,177万人次,医院数据库,2025-06-12 22:43:38
黑龙江市第4儿童医院,三级甲等,儿童医院,1252,黑龙江市中心区,072-25939214,黑龙江,1950-08-20,1790,29万人次,医院数据库,2025-06-12 22:43:38
黑龙江市第5专科医院,二级甲等,专科医院,605,黑龙江市北区,073-52822184,黑龙江,1957-12-17,2042,170万人次,医院数据库,2025-06-12 22:43:38
黑龙江市第6精神病医院,二级甲等,精神病医院,522,黑龙江市北区,051-11089741,黑龙江,1950-01-02,2042,23万人次,医院数据库,2025-06-12 22:43:38
黑龙江市第7中医医院,一级甲等,中医医院,118,黑龙江市西区,044-50361801,黑龙江,1984-04-02,2054,181万人次,医院数据库,2025-06-12 22:43:38
黑龙江市第8心血管医院,三级乙等,心血管医院,755,黑龙江市中心区,054-29101053,黑龙江,1994-06-08,1326,77万人次,医院数据库,2025-06-12 22:43:38
黑龙江市第9妇产医院,三级甲等,妇产医院,1198,黑龙江市南区,028-70523564,黑龙江,2011-12-22,2768,182万人次,医院数据库,2025-06-12 22:43:38
黑龙江市第10精神病医院,三级甲等,精神病医院,1212,黑龙江市北区,022-53886796,黑龙江,1998-11-22,2628,98万人次,医院数据库,2025-06-12 22:43:38
黑龙江市第11中医医院,三级乙等,中医医院,872,黑龙江市西区,015-58005461,黑龙江,1979-07-08,2948,190万人次,医院数据库,2025-06-12 22:43:38
黑龙江市第12口腔医院,二级乙等,口腔医院,721,黑龙江市中心区,028-55222911,黑龙江,1994-11-24,1030,186万人次,医院数据库,2025-06-12 22:43:38
黑龙江市第13肿瘤医院,二级乙等,肿瘤医院,255,黑龙江市中心区,092-80319752,黑龙江,1966-06-13,2146,167万人次,医院数据库,2025-06-12 22:43:38
黑龙江市第14肿瘤医院,三级乙等,肿瘤医院,609,黑龙江市北区,048-41316975,黑龙江,2018-02-09,2506,36万人次,医院数据库,2025-06-12 22:43:38
黑龙江市第15精神病医院,三级乙等,精神病医院,1093,黑龙江市北区,039-45824508,黑龙江,1986-06-13,414,30万人次,医院数据库,2025-06-12 22:43:38
黑龙江市第16专科医院,二级甲等,专科医院,667,黑龙江市东区,065-40809495,黑龙江,1999-07-18,1621,88万人次,医院数据库,2025-06-12 22:43:38
黑龙江市第17精神病医院,三级乙等,精神病医院,942,黑龙江市南区,093-39497187,黑龙江,1987-01-08,1240,143万人次,医院数据库,2025-06-12 22:43:38
江西市第1专科医院,三级乙等,专科医院,923,江西市中心区,011-64605884,江西,1971-02-09,1773,10万人次,医院数据库,2025-06-12 22:43:38
江西市第2口腔医院,二级甲等,口腔医院,566,江西市南区,044-82732229,江西,1992-05-24,2422,83万人次,医院数据库,2025-06-12 22:43:38
江西市第3专科医院,一级甲等,专科医院,122,江西市西区,032-81964543,江西,1975-12-24,1039,86万人次,医院数据库,2025-06-12 22:43:38
江西市第4专科医院,三级甲等,专科医院,1708,江西市东区,026-63170028,江西,2008-08-05,974,182万人次,医院数据库,2025-06-12 22:43:38
江西市第5中医医院,一级甲等,中医医院,143,江西市北区,092-26580657,江西,2004-11-07,2991,105万人次,医院数据库,2025-06-12 22:43:38
江西市第6综合医院,一级甲等,综合医院,253,江西市东区,028-84628309,江西,1993-07-01,2556,158万人次,医院数据库,2025-06-12 22:43:38
江西市第7口腔医院,三级乙等,口腔医院,594,江西市南区,023-57260798,江西,2010-07-04,656,73万人次,医院数据库,2025-06-12 22:43:38
江西市第8精神病医院,三级甲等,精神病医院,1632,江西市中心区,074-21436863,江西,1969-05-18,2322,44万人次,医院数据库,2025-06-12 22:43:38
江西市第9妇产医院,二级甲等,妇产医院,433,江西市中心区,034-32938646,江西,2008-04-28,447,116万人次,医院数据库,2025-06-12 22:43:38
江西市第10综合医院,二级甲等,综合医院,422,江西市北区,031-23387914,江西,1973-09-21,1085,12万人次,医院数据库,2025-06-12 22:43:38
江西市第11眼科医院,三级乙等,眼科医院,843,江西市东区,035-51753932,江西,2002-01-06,2241,184万人次,医院数据库,2025-06-12 22:43:38
云南市第1综合医院,三级乙等,综合医院,572,云南市东区,052-11644902,云南,1971-05-05,1675,25万人次,医院数据库,2025-06-12 22:43:38
云南市第2眼科医院,一级甲等,眼科医院,69,云南市东区,091-35751337,云南,2020-05-10,136,76万人次,医院数据库,2025-06-12 22:43:38
云南市第3专科医院,三级乙等,专科医院,709,云南市西区,043-67931600,云南,2003-12-14,1723,150万人次,医院数据库,2025-06-12 22:43:38
云南市第4肿瘤医院,三级甲等,肿瘤医院,1843,云南市中心区,054-68731534,云南,1983-08-03,1957,98万人次,医院数据库,2025-06-12 22:43:38
云南市第5肿瘤医院,三级乙等,肿瘤医院,543,云南市东区,053-98678659,云南,1953-11-21,760,128万人次,医院数据库,2025-06-12 22:43:38
云南市第6妇产医院,二级甲等,妇产医院,796,云南市南区,087-12627632,云南,2006-10-13,1321,182万人次,医院数据库,2025-06-12 22:43:38
云南市第7中医医院,三级乙等,中医医院,714,云南市北区,042-45176948,云南,1979-06-28,1846,33万人次,医院数据库,2025-06-12 22:43:38
云南市第8肿瘤医院,二级乙等,肿瘤医院,221,云南市中心区,065-85615289,云南,2001-09-06,1672,151万人次,医院数据库,2025-06-12 22:43:38
云南市第9心血管医院,二级乙等,心血管医院,422,云南市北区,043-71541072,云南,2008-06-17,1645,66万人次,医院数据库,2025-06-12 22:43:38
云南市第10眼科医院,三级甲等,眼科医院,1692,云南市南区,095-35514203,云南,1976-01-02,141,94万人次,医院数据库,2025-06-12 22:43:38
云南市第11精神病医院,三级甲等,精神病医院,1362,云南市东区,042-85359308,云南,1990-09-27,2501,109万人次,医院数据库,2025-06-12 22:43:38
云南市第12专科医院,三级甲等,专科医院,1182,云南市北区,059-69777074,云南,2008-01-23,2592,60万人次,医院数据库,2025-06-12 22:43:38
云南市第13儿童医院,三级乙等,儿童医院,627,云南市中心区,036-45486852,云南,1975-03-25,537,182万人次,医院数据库,2025-06-12 22:43:38
